{"count":1,"self":25.6616896,"total":167.51064499999998,"children":{"AgentResetIfDone":{"count":91084,"self":0.305668,"total":0.305668,"children":null},"AgentSendState":{"count":91084,"self":0.312826,"total":0.354911,"children":{"CollectObservations":{"count":10283,"self":0.042085,"total":0.042085,"children":null}}},"DecideAction":{"count":91084,"self":140.66292479999998,"total":140.748316,"children":{"AgentInfo.ToProto":{"count":10283,"self":0.085392,"total":0.085392,"children":null}}},"AcademyStep":{"count":91084,"self":0.20557399999999998,"total":0.20557399999999998,"children":null},"AgentAct":{"count":91084,"self":0.23071799999999998,"total":0.23071799999999998,"children":null}}}