{"count":1,"self":60.2632,"total":682.75885999999991,"children":{"AgentResetIfDone":{"count":171501,"self":0.84439,"total":0.84439,"children":null},"AgentSendState":{"count":171501,"self":0.800623,"total":1.056387,"children":{"CollectObservations":{"count":57167,"self":0.255764,"total":0.255764,"children":null}}},"DecideAction":{"count":171501,"self":616.7940608,"total":617.53614399999992,"children":{"AgentInfo.ToProto":{"count":57167,"self":0.74209799999999992,"total":0.74209799999999992,"children":null}}},"AcademyStep":{"count":171501,"self":0.451032,"total":0.451032,"children":null},"AgentAct":{"count":171501,"self":2.604899,"total":2.604899,"children":null}}}