{"count":1,"self":23.9202576,"total":55.323803999999996,"children":{"AgentResetIfDone":{"count":119667,"self":0.35989699999999997,"total":0.35989699999999997,"children":null},"AgentSendState":{"count":119667,"self":0.301396,"total":0.34792,"children":{"CollectObservations":{"count":14186,"self":0.046523999999999996,"total":0.046523999999999996,"children":null}}},"DecideAction":{"count":119667,"self":30.0766432,"total":30.184362,"children":{"AgentInfo.ToProto":{"count":14186,"self":0.10772,"total":0.10772,"children":null}}},"AcademyStep":{"count":119667,"self":0.236088,"total":0.236088,"children":null},"AgentAct":{"count":119667,"self":0.273124,"total":0.273124,"children":null}}}