{"count":1,"self":10.5212568,"total":384.134354,"children":{"AgentResetIfDone":{"count":39167,"self":0.133319,"total":0.133319,"children":null},"AgentSendState":{"count":39167,"self":0.479624,"total":3.826943,"children":{"CollectObservations":{"count":39167,"self":3.3473189999999997,"total":3.3473189999999997,"children":null}}},"DecideAction":{"count":39167,"self":368.835584,"total":369.239829,"children":{"AgentInfo.ToProto":{"count":39167,"self":0.40423499999999996,"total":0.40423499999999996,"children":null}}},"AcademyStep":{"count":39167,"self":0.083226,"total":0.083226,"children":null},"AgentAct":{"count":39167,"self":0.326895,"total":0.326895,"children":null}}}