{"count":1,"self":30.2251488,"total":216.01286299999998,"children":{"AgentResetIfDone":{"count":157001,"self":0.512223,"total":0.512223,"children":null},"AgentSendState":{"count":157001,"self":0.406412,"total":0.471342,"children":{"CollectObservations":{"count":18334,"self":0.06493,"total":0.06493,"children":null}}},"DecideAction":{"count":157001,"self":183.9827584,"total":184.12702299999998,"children":{"AgentInfo.ToProto":{"count":18334,"self":0.14426999999999998,"total":0.14426999999999998,"children":null}}},"AcademyStep":{"count":157001,"self":0.307708,"total":0.307708,"children":null},"AgentAct":{"count":157001,"self":0.361906,"total":0.361906,"children":null}}}