{"count":1,"self":17.6728816,"total":17.809442,"children":{"AgentResetIfDone":{"count":811,"self":0.006277,"total":0.006277,"children":null},"AgentSendState":{"count":811,"self":0.013253,"total":0.10119399999999999,"children":{"CollectObservations":{"count":811,"self":0.087940999999999991,"total":0.087940999999999991,"children":null}}},"DecideAction":{"count":811,"self":0.004046,"total":0.004046,"children":null},"AcademyStep":{"count":811,"self":0.001808,"total":0.001808,"children":null},"AgentAct":{"count":811,"self":0.021235,"total":0.021235,"children":null}}}