{"count":1,"self":1.0499829999999999,"total":21.78867,"children":{"AgentResetIfDone":{"count":917,"self":0.0037819999999999998,"total":0.0037819999999999998,"children":null},"AgentSendState":{"count":917,"self":0.00417,"total":0.00471,"children":{"CollectObservations":{"count":103,"self":0.00054,"total":0.00054,"children":null}}},"DecideAction":{"count":917,"self":20.7193088,"total":20.722787999999998,"children":{"AgentInfo.ToProto":{"count":103,"self":0.003479,"total":0.003479,"children":null}}},"AcademyStep":{"count":917,"self":0.0022559999999999998,"total":0.0022559999999999998,"children":null},"AgentAct":{"count":917,"self":0.0028959999999999997,"total":0.0028959999999999997,"children":null}}}