{"count":1,"self":8.314924,"total":8.351424999999999,"children":{"AgentResetIfDone":{"count":336,"self":0.005247,"total":0.005247,"children":null},"AgentSendState":{"count":336,"self":0.0039059999999999997,"total":0.005905,"children":{"CollectObservations":{"count":112,"self":0.001999,"total":0.001999,"children":null}}},"DecideAction":{"count":336,"self":0.0038829999999999997,"total":0.0038829999999999997,"children":null},"AcademyStep":{"count":336,"self":0.001565,"total":0.001565,"children":null},"AgentAct":{"count":336,"self":0.018047,"total":0.018047,"children":null}}}