{"count":1,"gauges":{},"self":0.62822099999999992,"total":14.436605,"children":{"AgentResetIfDone":{"count":12,"self":0.00030399999999999996,"total":0.00030399999999999996,"children":null},"AgentSendState":{"count":12,"self":0.00149,"total":0.001872,"children":{"CollectObservations":{"count":11,"self":0.00038199999999999996,"total":0.00038199999999999996,"children":null}}},"DecideAction":{"count":12,"self":13.7953584,"total":13.802828,"children":{"AgentInfo.ToProto":{"count":11,"self":0.007469,"total":0.007469,"children":null}}},"AcademyStep":{"count":12,"self":6.7E-05,"total":6.7E-05,"children":null},"AgentAct":{"count":12,"self":0.000531,"total":0.000531,"children":null}}}