{"count":1,"self":337.93976319999996,"total":1472.881408,"children":{"AgentResetIfDone":{"count":1358417,"self":4.536034,"total":4.536034,"children":null},"AgentSendState":{"count":1358417,"self":4.7121271999999994,"total":6.1482449999999993,"children":{"CollectObservations":{"count":452806,"self":1.436118,"total":1.436118,"children":null}}},"DecideAction":{"count":1358417,"self":1104.6250496,"total":1107.9310289999999,"children":{"AgentInfo.ToProto":{"count":452806,"self":3.3059849999999997,"total":3.3059849999999997,"children":null}}},"AcademyStep":{"count":1358417,"self":2.752891,"total":2.752891,"children":null},"AgentAct":{"count":1358417,"self":13.569982399999999,"total":13.569982999999999,"children":null}}}