{"count":1,"self":37.1770272,"total":476.62062499999996,"children":{"AgentResetIfDone":{"count":110917,"self":0.41315799999999997,"total":0.41315799999999997,"children":null},"AgentSendState":{"count":110917,"self":1.474508,"total":11.570096,"children":{"CollectObservations":{"count":110917,"self":10.095588,"total":10.095588,"children":null}}},"DecideAction":{"count":110917,"self":424.46842879999997,"total":425.504441,"children":{"AgentInfo.ToProto":{"count":110917,"self":1.036017,"total":1.036017,"children":null}}},"AcademyStep":{"count":110917,"self":0.27772399999999997,"total":0.27772399999999997,"children":null},"AgentAct":{"count":110917,"self":1.676273,"total":1.676273,"children":null}}}