{"count":1,"self":2.470658,"total":18.861580999999997,"children":{"AgentResetIfDone":{"count":9001,"self":0.031372,"total":0.031372,"children":null},"AgentSendState":{"count":9001,"self":0.025899,"total":0.029915999999999998,"children":{"CollectObservations":{"count":1021,"self":0.004017,"total":0.004017,"children":null}}},"DecideAction":{"count":9001,"self":16.274528,"total":16.285315,"children":{"AgentInfo.ToProto":{"count":1021,"self":0.010787,"total":0.010787,"children":null}}},"AcademyStep":{"count":9001,"self":0.019271,"total":0.019271,"children":null},"AgentAct":{"count":9001,"self":0.022493,"total":0.022493,"children":null}}}