{"count":1,"self":10.272657599999999,"total":80.066864999999993,"children":{"AgentResetIfDone":{"count":31834,"self":0.12207599999999999,"total":0.12207599999999999,"children":null},"AgentSendState":{"count":31834,"self":0.187338,"total":1.136382,"children":{"CollectObservations":{"count":10612,"self":0.949044,"total":0.949044,"children":null}}},"DecideAction":{"count":31834,"self":67.9004736,"total":68.092823,"children":{"AgentInfo.ToProto":{"count":10612,"self":0.192348,"total":0.192348,"children":null}}},"AcademyStep":{"count":31834,"self":0.066625999999999991,"total":0.066625999999999991,"children":null},"AgentAct":{"count":31834,"self":0.372567,"total":0.372567,"children":null}}}