{"count":1,"self":10.551898399999999,"total":10.5812368,"children":{"AgentResetIfDone":{"count":474,"self":0.0074804999999999993,"total":0.0074804999999999993,"children":null},"AgentSendState":{"count":474,"self":0.0019482999999999998,"total":0.0109249,"children":{"CollectObservations":{"count":95,"self":0.0089766,"total":0.0089766,"children":null}}},"DecideAction":{"count":474,"self":0.001952,"total":0.001952,"children":null},"AcademyStep":{"count":474,"self":0.0019936999999999997,"total":0.0019936999999999997,"children":null},"AgentAct":{"count":474,"self":0.0049929,"total":0.0049929,"children":null}}}