{"count":1,"self":22.9645536,"total":23.003321,"children":{"AgentResetIfDone":{"count":400,"self":0.00533,"total":0.00533,"children":null},"AgentSendState":{"count":400,"self":0.004506,"total":0.014926,"children":{"CollectObservations":{"count":80,"self":0.010419999999999999,"total":0.010419999999999999,"children":null}}},"DecideAction":{"count":400,"self":0.0054789999999999995,"total":0.0054789999999999995,"children":null},"AcademyStep":{"count":400,"self":0.0019349999999999999,"total":0.0019349999999999999,"children":null},"AgentAct":{"count":400,"self":0.00705,"total":0.00705,"children":null}}}