{"count":1,"self":180.0760832,"total":257.497441,"children":{"AgentResetIfDone":{"count":179088,"self":0.60043099999999994,"total":0.60043099999999994,"children":null},"AgentSendState":{"count":179088,"self":0.708735,"total":2.121407,"children":{"CollectObservations":{"count":35818,"self":1.412672,"total":1.412672,"children":null}}},"DecideAction":{"count":179088,"self":73.3819264,"total":73.689438,"children":{"AgentInfo.ToProto":{"count":35818,"self":0.307511,"total":0.307511,"children":null}}},"AcademyStep":{"count":179088,"self":0.356114,"total":0.356114,"children":null},"AgentAct":{"count":179088,"self":0.652342,"total":0.652342,"children":null}}}