{"count":1,"self":266.84139519999997,"total":366.509844,"children":{"AgentResetIfDone":{"count":274113,"self":0.669566,"total":0.669566,"children":null},"AgentSendState":{"count":274113,"self":0.863248,"total":2.434992,"children":{"CollectObservations":{"count":54823,"self":1.571744,"total":1.571744,"children":null}}},"DecideAction":{"count":274113,"self":94.866995199999991,"total":95.275399999999991,"children":{"AgentInfo.ToProto":{"count":54823,"self":0.40840699999999996,"total":0.40840699999999996,"children":null}}},"AcademyStep":{"count":274113,"self":0.39442299999999997,"total":0.39442299999999997,"children":null},"AgentAct":{"count":274113,"self":0.89233999999999991,"total":0.89233999999999991,"children":null}}}