{"count":1,"self":14.677241599999999,"total":309.31521299999997,"children":{"AgentResetIfDone":{"count":10901,"self":0.058963999999999996,"total":0.058963999999999996,"children":null},"AgentSendState":{"count":10901,"self":0.17968299999999998,"total":0.72070099999999993,"children":{"CollectObservations":{"count":10901,"self":0.541018,"total":0.541018,"children":null}}},"DecideAction":{"count":10901,"self":293.611648,"total":293.713048,"children":{"AgentInfo.ToProto":{"count":10901,"self":0.10139,"total":0.10139,"children":null}}},"AcademyStep":{"count":10901,"self":0.030965999999999997,"total":0.030965999999999997,"children":null},"AgentAct":{"count":10901,"self":0.107986,"total":0.107986,"children":null}}}