{"count":1,"self":60.2874944,"total":60.537402799999995,"children":{"AgentResetIfDone":{"count":2931,"self":0.0328394,"total":0.0328394,"children":null},"AgentSendState":{"count":2931,"self":0.0357242,"total":0.12449779999999999,"children":{"CollectObservations":{"count":587,"self":0.0887736,"total":0.0887736,"children":null}}},"DecideAction":{"count":2931,"self":0.0257948,"total":0.0257948,"children":null},"AcademyStep":{"count":2931,"self":0.0069001999999999996,"total":0.0069001999999999996,"children":null},"AgentAct":{"count":2931,"self":0.0568858,"total":0.0568858,"children":null}}}