{"count":1,"self":0.358545,"total":1567.059362,"children":{"AgentResetIfDone":{"count":13,"self":0.000414,"total":0.000414,"children":null},"AgentSendState":{"count":13,"self":0.002568,"total":0.002905,"children":{"CollectObservations":{"count":12,"self":0.000337,"total":0.000337,"children":null}}},"DecideAction":{"count":13,"self":1566.2056447999998,"total":1566.6920269999998,"children":{"AgentInfo.ToProto":{"count":3,"self":0.005143,"total":0.48634,"children":{"CameraSensor.GetCompressedObservation":{"count":12,"self":0.481197,"total":0.481197,"children":null}}}}},"AcademyStep":{"count":13,"self":0.000367,"total":0.000367,"children":null},"AgentAct":{"count":13,"self":0.0019329999999999998,"total":0.0019329999999999998,"children":null}}}