{"count":1,"self":1.002627,"total":469.736142,"children":{"AgentResetIfDone":{"count":13,"self":0.00039299999999999996,"total":0.00039299999999999996,"children":null},"AgentSendState":{"count":13,"self":0.002656,"total":0.004744,"children":{"CollectObservations":{"count":3,"self":0.002088,"total":0.002088,"children":null}}},"DecideAction":{"count":13,"self":468.7183872,"total":468.721135,"children":{"AgentInfo.ToProto":{"count":3,"self":0.0027649999999999997,"total":0.0027649999999999997,"children":null}}},"AcademyStep":{"count":13,"self":5.9999999999999995E-05,"total":5.9999999999999995E-05,"children":null},"AgentAct":{"count":13,"self":0.002513,"total":0.002513,"children":null}}}