{"count":1,"self":1.892993,"total":833.24916999999994,"children":{"AgentResetIfDone":{"count":138,"self":0.001155,"total":0.001155,"children":null},"AgentSendState":{"count":138,"self":0.003784,"total":0.008003999999999999,"children":{"CollectObservations":{"count":28,"self":0.00422,"total":0.00422,"children":null}}},"DecideAction":{"count":138,"self":831.3332736,"total":831.33625699999993,"children":{"AgentInfo.ToProto":{"count":28,"self":0.002986,"total":0.002986,"children":null}}},"AcademyStep":{"count":138,"self":0.000486,"total":0.000486,"children":null},"AgentAct":{"count":138,"self":0.008086,"total":0.008086,"children":null}}}