{"count":1,"self":0.609783,"total":724.87075199999992,"children":{"AgentResetIfDone":{"count":51,"self":0.000435,"total":0.000435,"children":null},"AgentSendState":{"count":51,"self":0.004058,"total":0.012945,"children":{"CollectObservations":{"count":352,"self":0.0088869999999999991,"total":0.0088869999999999991,"children":null}}},"DecideAction":{"count":51,"self":724.23935999999992,"total":724.24264699999992,"children":{"AgentInfo.ToProto":{"count":11,"self":0.0033079999999999997,"total":0.0033079999999999997,"children":null}}},"AcademyStep":{"count":51,"self":0.000175,"total":0.000175,"children":null},"AgentAct":{"count":51,"self":0.0029779999999999997,"total":0.0029779999999999997,"children":null}}}